Invoice_Number,Invoice_Date,Supplier_Name,Supplier_GSTIN,Buyer_GSTIN,Place_of_Supply,Taxable_Value,CGST_Rate_Pct,CGST_Amount,SGST_Rate_Pct,SGST_Amount,IGST_Rate_Pct,IGST_Amount,Total_Tax,Grand_Total
INV-26-001,2026-09-02,Apex Consulting,29ABCDE6499F1Z3,27XYZCB1234N1Z3,29-Karnataka,6047.92,0.0,0.0,0.0,0.0,12.0,725.75,725.75,6773.67
INV-26-002,2026-09-23,Vertex Solutions,,27XYZCB1234N1Z3,33-Tamil Nadu,14685.77,0.0,881.15,0.0,881.15,12.0,0.0,1762.3,16448.07
INV-26-003,2026-09-20,Nexus Corp,27ABCDE7175F1Z4,27XYZCB1234N1Z3,27-Maharashtra,38736.65,14.000000000000002,5423.13,14.000000000000002,5423.13,0.0,0.0,10846.26,49582.91
INV-26-004,2026-09-14,Startup Hub,,27XYZCB1234N1Z3,07-Delhi,35767.04,0.0,0.0,0.0,0.0,28.000000000000004,9748.77,9748.77,45515.81
INV-26-005,2026-09-10,Nexus Corp,33ABCDE3246F1Z8,27XYZCB1234N1Z3,33-Tamil Nadu,16152.37,0.0,2261.33,0.0,2261.33,28.000000000000004,0.0,4522.66,20675.03
INV-26-006,2026-09-17,Nexus Corp,29ABCDE1508F1Z9,27XYZCB1234N1Z3,29-Karnataka,38354.75,0.0,958.87,0.0,958.87,5.0,0.0,1917.74,40272.49
INV-26-007,2026-09-25,Apex Consulting,33ABCDE3158F1Z7,27XYZCB1234N1Z3,33-Tamil Nadu,52946.0,0.0,0.0,0.0,0.0,18.0,9530.28,9530.28,62476.28
INV-26-008,2026-09-12,TechCorp India,33ABCDE8395F1Z6,27XYZCB1234N1Z3,33-Tamil Nadu,27974.38,0.0,0.0,0.0,0.0,28.000000000000004,7832.83,7832.83,35807.21
INV-26-009,2026-09-16,Office Supplies Co,33ABCDE2260F1Z4,27XYZCB1234N1Z3,33-Tamil Nadu,57957.86,0.0,0.0,0.0,0.0,18.0,10432.41,10432.41,68390.27
INV-26-010,2026-09-02,TechCorp India,33ABCDE7288F1Z7,27XYZCB1234N1Z3,33-Tamil Nadu,80427.04,0.0,0.0,0.0,0.0,28.000000000000004,22430.57,22430.57,102857.61
INV-26-011,2026-09-01,Office Supplies Co,07ABCDE6780F1Z2,27XYZCB1234N1Z3,07-Delhi,91358.36,0.0,0.0,0.0,0.0,12.0,10963.0,10963.0,102321.36
INV-26-012,2026-09-02,Server Hosts,07ABCDE5871F1Z6,27XYZCB1234N1Z3,07-Delhi,65307.22,0.0,0.0,0.0,0.0,18.0,11755.3,11755.3,77062.52
INV-26-013,2026-09-06,Vertex Solutions,07ABCDE1990F1Z4,27XYZCB1234N1Z3,07-Delhi,98629.37,0.0,0.0,0.0,0.0,5.0,4835.47,4835.47,103464.84
INV-26-014,2026-09-10,Apex Consulting,07ABCDE6168F1Z8,27XYZCB1234N1Z3,07-Delhi,63636.13,0.0,0.0,0.0,0.0,28.000000000000004,17818.12,17818.12,81454.25
INV-26-015,2026-09-19,Desk & Chair Bros,27ABCDE4547F1Z5,27XYZCB1234N1Z3,27-Maharashtra,35926.22,2.5,898.16,2.5,898.16,0.0,0.0,1796.32,37722.54
INV-26-016,2026-09-11,Server Hosts,29ABCDE4260F1Z7,27XYZCB1234N1Z3,29-Karnataka,30694.86,0.0,0.0,0.0,0.0,5.0,1534.74,1534.74,32229.6
INV-26-017,2026-09-24,Dev Agency,27ABCDE7711F1Z7,27XYZCB1234N1Z3,27-Maharashtra,90894.16,14.000000000000002,12725.18,14.000000000000002,12725.18,0.0,0.0,25450.36,116344.52
INV-26-018,2026-09-03,Vertex Solutions,29ABCDE3247F1Z9,27XYZCB1234N1Z3,29-Karnataka,15406.97,0.0,0.0,0.0,0.0,5.0,770.35,770.35,16177.32
INV-26-019,2026-09-08,Apex Consulting,29ABCDE5440F1Z2,27XYZCB1234N1Z3,29-Karnataka,14727.35,0.0,0.0,0.0,0.0,5.0,736.37,736.37,15463.72
INV-26-020,2026-09-09,TechCorp India,07ABCDE7622F1Z3,27XYZCB1234N1Z3,07-Delhi,37594.16,0.0,0.0,0.0,0.0,5.0,1879.71,1879.71,39473.87
INV-26-021,2026-09-22,Logistics Pro,27ABCDE9000F1Z6,27XYZCB1234N1Z3,27-Maharashtra,47204.85,14.000000000000002,6941.68,14.000000000000002,6941.68,0.0,0.0,13883.36,61088.21
INV-26-022,2026-10-01,Global Goods Ltd,07ABCDE1696F1Z8,27XYZCB1234N1Z3,07-Delhi,51224.85,0.0,0.0,0.0,0.0,28.000000000000004,14072.96,14072.96,65297.81
INV-26-023,2026-09-13,Cloud Services Inc,33ABCDE8776F1Z7,27XYZCB1234N1Z3,33-Tamil Nadu,90539.95,0.0,0.0,0.0,0.0,18.0,16297.19,16297.19,106837.14
INV-26-024,2026-09-26,Server Hosts,29ABCDE2291F1Z3,27XYZCB1234N1Z3,29-Karnataka,91545.99,0.0,0.0,0.0,0.0,18.0,16478.28,16478.28,108024.27
INV-26-025,2026-09-13,Mumbai Traders,33ABCDE6455F1Z1,27XYZCB1234N1Z3,33-Tamil Nadu,17532.02,0.0,0.0,0.0,0.0,18.0,3155.76,3155.76,20687.78
INV-26-026,2026-09-19,Apex Consulting,27ABCDE8327F1Z7,27XYZCB1234N1Z3,27-Maharashtra,83580.47,9.0,7522.24,9.0,7522.24,0.0,0.0,15044.48,98624.95
INV-26-027,2026-09-09,Logistics Pro,07ABCDE1524F1Z2,27XYZCB1234N1Z3,07-Delhi,33626.68,0.0,0.0,0.0,0.0,5.0,1681.33,1681.33,35308.01
INV-26-028,2026-09-07,Server Hosts,29ABCDE3690F1Z7,27XYZCB1234N1Z3,29-Karnataka,9130.2,0.0,0.0,0.0,0.0,18.0,1258.44,1258.44,10388.64
INV-26-029,2026-09-01,Pioneer Marketing,29ABCDE6776F1Z3,27XYZCB1234N1Z3,29-Karnataka,57556.95,0.0,0.0,0.0,0.0,5.0,2877.85,2877.85,60434.8
INV-26-030,2026-09-21,Zenith Hardware,33ABCDE6200F1Z4,27XYZCB1234N1Z3,33-Tamil Nadu,25051.51,0.0,0.0,0.0,0.0,18.0,4046.27,4046.27,29097.78
INV-26-031,2026-09-11,Desk & Chair Bros,07ABCDE3308F1Z6,27XYZCB1234N1Z3,07-Delhi,22876.72,0.0,0.0,0.0,0.0,28.000000000000004,6405.48,6405.48,29282.2
INV-26-032,2026-09-12,Office Supplies Co,27ABCDE8567F1Z5,27XYZCB1234N1Z3,27-Maharashtra,8452.43,6.0,0.0,6.0,0.0,0.0,1014.29,1014.29,9466.72
INV-26-033,2026-09-18,Nexus Corp,29ABCDE7278F1Z7,27XYZCB1234N1Z3,29-Karnataka,96192.6,0.0,0.0,0.0,0.0,18.0,17314.67,17314.67,113507.27
INV-26-034,2026-09-26,Mumbai Traders,07ABCDE3621F1Z7,27XYZCB1234N1Z3,07-Delhi,71104.45,0.0,0.0,0.0,0.0,28.000000000000004,19581.25,19581.25,90685.7
INV-26-035,2026-09-07,Dev Agency,29ABCDE8250F1Z2,27XYZCB1234N1Z3,29-Karnataka,60528.4,0.0,0.0,0.0,0.0,12.0,7263.41,7263.41,67791.81
INV-26-036,2026-09-28,Desk & Chair Bros,33ABCDE8097F1Z9,27XYZCB1234N1Z3,33-Tamil Nadu,94260.48,0.0,5655.63,0.0,5655.63,12.0,0.0,11311.26,105571.74
INV-26-037,2026-09-13,Mumbai Traders,33ABCDE7083F1Z4,27XYZCB1234N1Z3,33-Tamil Nadu,60611.08,0.0,3636.66,0.0,3636.66,12.0,0.0,7273.32,67884.4
INV-26-038,2026-09-28,Dev Agency,27ABCDE7435F1Z4,27XYZCB1234N1Z3,27-Maharashtra,70412.77,6.0,4297.77,6.0,4297.77,0.0,0.0,8595.54,79008.31
INV-26-039,2026-09-19,Global Goods Ltd,07ABCDE9655F1Z1,27XYZCB1234N1Z3,07-Delhi,44570.42,0.0,0.0,0.0,0.0,18.0,8022.68,8022.68,52593.1
INV-26-040,2026-09-07,Cloud Services Inc,29ABCDE5617F1Z9,27XYZCB1234N1Z3,29-Karnataka,66989.41,0.0,1674.74,0.0,1674.74,5.0,0.0,3349.48,70338.89
INV-26-041,2026-09-15,Startup Hub,27ABCDE2455F1Z3,27XYZCB1234N1Z3,27-Maharashtra,67071.28,2.5,0.0,2.5,0.0,0.0,3353.56,3353.56,70424.84
INV-26-042,2026-09-15,TechCorp India,33ABCDE9223F1Z2,27XYZCB1234N1Z3,33-Tamil Nadu,32615.84,0.0,0.0,0.0,0.0,5.0,1630.79,1630.79,34246.63
INV-26-043,2026-09-17,Pioneer Marketing,29ABCDE7812F1Z1,27XYZCB1234N1Z3,29-Karnataka,95481.81,0.0,0.0,0.0,0.0,18.0,17186.73,17186.73,112668.54
INV-26-044,2026-09-25,Logistics Pro,07ABCDE6047F1Z1,27XYZCB1234N1Z3,07-Delhi,79456.35,0.0,0.0,0.0,0.0,28.000000000000004,22247.78,22247.78,101704.13
INV-26-045,2026-09-22,Server Hosts,29ABCDE8011F1Z1,27XYZCB1234N1Z3,29-Karnataka,13497.85,0.0,0.0,0.0,0.0,12.0,1619.74,1619.74,15117.59
INV-26-046,2026-09-21,Office Supplies Co,27ABCDE3752F1Z9,27XYZCB1234N1Z3,27-Maharashtra,18568.59,9.0,0.0,9.0,0.0,0.0,3342.35,3342.35,21910.94
INV-26-047,2026-09-18,Dev Agency,33ABCDE9019F1Z6,27XYZCB1234N1Z3,33-Tamil Nadu,36688.65,0.0,0.0,0.0,0.0,28.000000000000004,10272.82,10272.82,46961.47
INV-26-048,2026-09-29,Nexus Corp,27ABCDE9701F1Z7,27XYZCB1234N1Z3,27-Maharashtra,49259.77,2.5,1231.49,2.5,1231.49,0.0,0.0,2462.98,51722.75
INV-26-049,2026-09-21,Logistics Pro,27ABCDE5287F1Z5,27XYZCB1234N1Z3,27-Maharashtra,59755.6,6.0,3585.34,6.0,3585.34,0.0,0.0,7170.68,66926.28
INV-26-050,2026-09-06,Server Hosts,07ABCDE5576F1Z5,27XYZCB1234N1Z3,07-Delhi,16974.29,0.0,0.0,0.0,0.0,18.0,3055.37,3055.37,20029.66
INV-26-001,2026-09-02,Apex Consulting,29ABCDE6499F1Z3,27XYZCB1234N1Z3,29-Karnataka,7047.92,0.0,0.0,0.0,0.0,12.0,725.75,725.75,6773.67
